Temperature (°C),Humidity (%),Wind Speed (km/h),Precipitation (%),Cloud Cover,Atmospheric Pressure,UV Index,Season,Visibility (km),Location,Predicted Weather Type,Event Management Advisory,timestamp
0,0,0,0,clear,1012,0,Winter,0,inland,Sunny,"Here's an action plan based on the predicted sunny weather:

## Event Weather Adjustment Plan: Sunny Conditions

**Predicted Weather Type: Sunny**

---

### 1. Logistics Adjustments

*   **Shade Provision:**
    *   Deploy additional tents, canopies, umbrellas, and shade structures in high-traffic areas, seating zones, and near performance stages.
    *   Designate specific ""cool-down zones"" with ample shade.
*   **Hydration Stations:**
    *   Increase the number of accessible water refilling stations throughout the event site.
    *   Ensure water stations are clearly marked and frequently restocked with potable water.
    *   Consider providing complimentary bottled water at key points or during peak sun hours.
*   **Ground Cooling:**
    *   Assess areas with dark paving that may absorb excessive heat; consider misting systems or temporary coverings if necessary.
*   **Foot Traffic Management:**
    *   Optimize pathways to minimize exposure to direct sunlight during peak hours.
*   **Power Management:**
    *   Confirm adequate power supply for any additional cooling equipment (fans, misting systems) or refrigerated storage vendors may require.
*   **Site Setup:**
    *   Orient stages, seating, and vendor booths to maximize natural shade where possible, or provide artificial shade.
    *   Ensure all signage is securely anchored, as sunny weather can sometimes be accompanied by light breezes.

### 2. Safety Precautions

*   **Heat Illness Prevention:**
    *   Disseminate public service announcements (via PA system, digital screens, social media) advising attendees to stay hydrated, seek shade, and recognize signs of heat exhaustion/stroke.
    *   Ensure First Aid stations are fully stocked with rehydration supplies (e.g., oral rehydration salts, ice packs) and trained personnel familiar with heat-related illnesses.
    *   Implement regular checks on vulnerable populations (elderly, children, pregnant individuals) and direct them to cool-down zones.
*   **Sun Protection Awareness:**
    *   Encourage attendees to wear hats, sunglasses, and lightweight, light-colored clothing.
    *   Consider providing sunscreen dispensers in high-traffic areas or selling travel-sized sunscreen at info booths.
*   **Hydration Promotion:**
    *   Strongly encourage consistent water intake for both attendees and staff.
    *   Educate staff on the importance of hydration and signs of dehydration.
*   **Emergency Plan Review:**
    *   Brief all staff on the emergency response protocol for heat-related incidents.
    *   Ensure clear pathways for emergency medical services to access any part of the venue.

### 3. Vendor Notifications

*   **Hydration & Shade:**
    *   Advise all vendors to stay hydrated, offering them access to water stations or discounted water purchases.
    *   Encourage vendors to bring their own additional shade (e.g., umbrellas for booths, personal fans) for their staff.
*   **Product Protection:**
    *   Remind food vendors of the importance of maintaining proper food temperatures, especially for perishable items, and to have sufficient refrigeration/ice.
    *   Advise other vendors to protect heat-sensitive merchandise (e.g., electronics, cosmetics, certain arts & crafts) from direct sun exposure.
*   **Staff Well-being:**
    *   Suggest vendors ensure their staff take regular breaks in shaded areas.
    *   Recommend light, comfortable attire for vendor staff.
*   **Booth Setup:**
    *   Advise on potential hot surfaces within their booths and suggest floor mats if necessary for comfort.
    *   Confirm power availability for any personal cooling devices or extra refrigeration they may bring.
*   **Communication:**
    *   Inform vendors of the location of all water stations, first aid points, and cool-down zones.",2026-06-24 00:10:47.015549
